[
    {
      "nama": "Dr. Evano Nathanio",
      "spesialis": "Kardiologi",
      "rating": 4.8,
      "img": "https://i.pinimg.com/564x/63/12/24/6312241c31669c7b50a4cc29aa91d682.jpg",
      "detail" : "Sebagai seorang dokter kardiologi, saya telah menghabiskan bertahun-tahun dalam perawatan pasien dengan masalah jantung yang beragam, mulai dari penyakit arteri koroner hingga aritmia jantung. Di ruang kateterisasi jantung, saya telah melakukan ribuan prosedur invasif untuk membantu pasien dengan penyakit jantung yang serius. Selain itu, saya juga aktif dalam penelitian kardiologi, berkontribusi pada pemahaman lebih mendalam tentang penyakit jantung dan terapi yang lebih efektif untuk pasien kami."
    },
    {
      "nama": "Dr. Yessica Sila",
      "spesialis": "Kardiologi",
      "rating": 4.5,
      "img": "https://i.pinimg.com/564x/96/4e/75/964e75984f8b238b5f6d1b3ba7b7af5a.jpg",
      "detail" : "Sebagai seorang dokter kardiologi, pengalaman saya telah memperdalam pemahaman saya tentang penyakit jantung dan pilihan perawatan yang tersedia. Dalam praktik sehari-hari, saya sering melakukan tindakan kateterisasi jantung untuk mendiagnosis masalah jantung dan memberikan pengobatan yang tepat. Selain itu, berkomunikasi dengan pasien dan keluarga mereka tentang pentingnya perubahan gaya hidup sehat menjadi inti dari praktik saya, yang bertujuan tidak hanya merawat penyakit jantung, tetapi juga mencegahnya."
    },
    {
      "nama": "Dr. Adelio Revaldo",
      "spesialis": "Kardiologi",
      "rating": 4.9,
      "img": "https://i.pinimg.com/564x/58/0f/fe/580ffee515b64249863cc58278c9981c.jpg",
      "detail" : "Sebagai seorang dokter kardiologi, tugas utama saya adalah mendiagnosis dan merawat berbagai penyakit jantung, mulai dari penyakit arteri koroner hingga gangguan irama jantung. Saya sering melakukan prosedur kateterisasi jantung untuk mendapatkan informasi yang lebih mendalam tentang kondisi pasien, dan kemudian merencanakan rencana pengobatan yang sesuai. Selain itu, bagian penting dari peran saya adalah memberikan edukasi kepada pasien tentang pentingnya gaya hidup sehat dan pencegahan penyakit jantung."
    },
    {
      "nama": "Dr. Cindy Yu",
      "spesialis": "Kardiologi",
      "rating": 4.7,
      "img": "https://i.pinimg.com/564x/f4/ca/2b/f4ca2b6ca65cd252b6d5d7838b6c4dd2.jpg",
      "detail" : "Sebagai seorang dokter kardiologi, pengalaman saya telah membentuk pemahaman mendalam tentang beragam masalah jantung dan perawatan yang diperlukan. Dalam praktek sehari-hari, saya sering melakukan tes dan prosedur seperti kateterisasi jantung, EKG, dan echocardiogram untuk mendiagnosis dan mengelola masalah jantung pasien. Saya juga berperan dalam mendidik pasien tentang pentingnya perubahan gaya hidup sehat, serta memberikan dukungan emosional kepada mereka dan keluarga dalam menghadapi tantangan penyakit jantung."
    },
    {
      "nama": "Dr. Anindhita Maurence",
      "spesialis": "Kardiologi",
      "rating": 4.6,
      "img": "https://i.pinimg.com/564x/f1/3c/d8/f13cd8bfd04bf76b43ae859830ce1b29.jpg",
      "detail" : "Sebagai seorang dokter kardiologi, saya selalu merasa terpanggil untuk berperan dalam mencegah penyakit jantung dengan memberikan edukasi kepada masyarakat tentang faktor risiko dan pentingnya pola hidup sehat. Dalam penanganan pasien, saya sering harus mengambil keputusan cepat, terutama di unit gawat darurat, untuk menyelamatkan nyawa pasien yang mengalami serangan jantung atau aritmia berbahaya. Puncak kepuasan dalam pekerjaan saya adalah ketika saya dapat menyaksikan pasien pulih dan menjalani kehidupan yang lebih baik setelah perawatan kardiologi yang tepat."
    },
    {
      "nama": "Dr. James Wilson",
      "spesialis": "Kardiologi",
      "rating": 4.8,
      "img": "https://i.pinimg.com/736x/6c/b9/ed/6cb9ed4c27f7ebe4f5467362fbada110.jpg",
      "detail" : "Sebagai seorang dokter kardiologi, pengalaman saya dalam merawat pasien dengan penyakit jantung telah mengajarkan saya pentingnya manajemen risiko yang cermat, termasuk kontrol tekanan darah dan kadar kolesterol. Saya juga sering berpartisipasi dalam tim multidisiplin yang terdiri dari ahli jantung, ahli bedah, dan perawat, untuk merencanakan perawatan yang terbaik bagi pasien kami. Dalam setiap kasus, keselamatan pasien dan peningkatan kualitas hidup mereka adalah prioritas utama dalam praktik kardiologi saya."
    },
    {
      "nama": "Dr. Maria Garcia",
      "spesialis": "Kardiologi",
      "rating": 4.7,
      "img": "https://i.pinimg.com/736x/6c/b9/ed/6cb9ed4c27f7ebe4f5467362fbada110.jpg",
      "detail" : "Sebagai seorang dokter kardiologi, saya sering harus mengambil keputusan cepat dalam situasi darurat seperti serangan jantung, dan kemampuan untuk menjaga ketenangan dan bertindak dengan tepat sangat penting. Pernah ada momen ketika saya menyaksikan pasien-pasien pulih setelah operasi jantung yang rumit, yang selalu menjadi sumber kebahagiaan dan kepuasan. Dalam riset kardiologi, saya berupaya untuk terus mengembangkan terapi baru dan memahami penyakit jantung dengan lebih baik, sehingga kami dapat memberikan perawatan yang lebih efektif kepada pasien-pasien kami."
    },
    {
      "nama": "Dr. Robert Lee",
      "spesialis": "Kardiologi",
      "rating": 4.9,
      "img": "https://i.pinimg.com/736x/6c/b9/ed/6cb9ed4c27f7ebe4f5467362fbada110.jpg",
      "detail" : "Sebagai seorang dokter kardiologi, saya telah menyaksikan momen-momen berharga dalam perjalanan perawatan pasien, mulai dari kesuksesan operasi jantung yang mendramatisasi kehidupan mereka hingga pengembalian pasien yang semula lemah menjadi aktif setelah terapi yang efektif. Pendidikan dan penyuluhan tentang faktor risiko jantung adalah bagian penting dari praktik saya, membantu pasien memahami betapa pentingnya menjaga tekanan darah dan kolesterol dalam kendali serta menjalani gaya hidup sehat. Terkadang, saya juga harus mengambil keputusan sulit dalam situasi darurat di unit gawat darurat jantung, yang menuntut ketenangan dan kecepatan dalam mengatasi masalah jantung yang mendesak."
    },
    {
      "nama": "Dr. Jennifer Clark",
      "spesialis": "Kardiologi",
      "rating": 4.5,
      "img": "https://i.pinimg.com/736x/6c/b9/ed/6cb9ed4c27f7ebe4f5467362fbada110.jpg",
      "detail" : "Sebagai seorang dokter kardiologi, pengalaman saya melibatkan merawat pasien dengan berbagai tingkat keparahan penyakit jantung, mulai dari kasus-kasus yang memerlukan tindakan intervensi darurat hingga manajemen jangka panjang bagi pasien dengan penyakit jantung kronis. Dalam peran saya, komunikasi dengan pasien dan keluarga mereka adalah kunci, karena saya harus menjelaskan diagnosis, opsi perawatan, dan rencana manajemen risiko secara bijak dan empatik. Terlibat dalam penelitian kardiologi juga telah memperdalam pemahaman saya tentang perkembangan terbaru dalam pengobatan penyakit jantung, yang saya terapkan dalam praktik sehari-hari untuk memberikan perawatan yang lebih baik kepada pasien-pasien saya."
    },
    {
      "nama": "Dr. William Harris",
      "spesialis": "Kardiologi",
      "rating": 4.6,
      "img": "https://i.pinimg.com/736x/6c/b9/ed/6cb9ed4c27f7ebe4f5467362fbada110.jpg",
      "detail" : "Dalam praktik kardiologi saya, saya sering menghadapi tantangan dalam merawat pasien dengan penyakit jantung koroner, di mana manajemen risiko, perubahan gaya hidup, dan pengobatan yang tepat sangat krusial. Pendidikan kepada pasien tentang pentingnya pencegahan penyakit jantung merupakan bagian esensial dari pekerjaan saya, sehingga mereka dapat mengambil langkah-langkah proaktif dalam menjaga kesehatan jantung mereka. Saya selalu berusaha menciptakan hubungan yang kuat dengan pasien dan keluarga mereka, karena percaya bahwa dukungan emosional memainkan peran penting dalam perjalanan penyembuhan pasien."
    },
    {
      "nama": "Dr. Susan Anderson",
      "spesialis": "Kardiologi",
      "rating": 4.7,
      "img": "https://i.pinimg.com/736x/6c/b9/ed/6cb9ed4c27f7ebe4f5467362fbada110.jpg",
      "detail" : "Sebagai seorang dokter kardiologi, melibatkan diri dalam riset medis adalah bagian yang tak terpisahkan dari praktik saya, dengan tujuan mengembangkan terapi yang lebih inovatif dan efektif untuk pasien dengan masalah jantung. Saya juga berinteraksi dengan pasien dari berbagai latar belakang, dan saya telah belajar betapa pentingnya pendekatan yang penuh empati untuk memahami perasaan dan kebutuhan mereka dalam menghadapi penyakit jantung. Pengalaman saya dalam merawat pasien dengan penyakit jantung koroner, khususnya dalam manajemen risiko kardiovaskular, telah memperdalam pemahaman saya tentang kompleksitas dan tantangan dalam bidang kardiologi."
    },
    {
      "nama": "Dr. Richard Taylor",
      "spesialis": "Kardiologi",
      "rating": 4.8,
      "img": "https://i.pinimg.com/736x/6c/b9/ed/6cb9ed4c27f7ebe4f5467362fbada110.jpg",
      "detail" : "Sebagai seorang dokter kardiologi, pengalaman saya telah mengajarkan saya betapa krusialnya deteksi dini dan manajemen penyakit jantung. Saya sering berkonsultasi dengan pasien mengenai opsi perawatan, dari pengobatan farmakologis hingga prosedur invasif seperti angioplasti koroner, dengan berfokus pada pemulihan dan peningkatan kualitas hidup. Pengalaman dalam merawat pasien dengan penyakit jantung bawaan telah mengajarkan saya pentingnya kerja sama dengan tim medis multidisiplin untuk mencapai hasil yang terbaik bagi pasien."
    },
    {
      "nama": "Dr. Linda Martinez",
      "spesialis": "Kardiologi",
      "rating": 4.5,
      "img": "https://i.pinimg.com/736x/6c/b9/ed/6cb9ed4c27f7ebe4f5467362fbada110.jpg",
      "detail" : "Sebagai seorang dokter kardiologi, saya telah terbiasa dengan kompleksitas penyakit jantung, mulai dari gangguan irama jantung hingga penyakit arteri koroner yang memerlukan perawatan intensif. Pernah ada momen ketika saya harus mengambil keputusan cepat dalam situasi darurat di ruang kateterisasi jantung untuk menyelamatkan nyawa pasien. Namun, salah satu momen yang paling memuaskan adalah melihat pasien-pasien pulih setelah intervensi jantung yang berhasil, memberi mereka harapan dan kualitas hidup yang lebih baik."
    },
    {
      "nama": "Dr. Charles Lewis",
      "spesialis": "Kardiologi",
      "rating": 4.9,
      "img": "https://i.pinimg.com/736x/6c/b9/ed/6cb9ed4c27f7ebe4f5467362fbada110.jpg",
      "detail" : "Dalam praktik saya sebagai seorang dokter kardiologi, saya sering menekankan pentingnya pencegahan penyakit jantung melalui edukasi pasien tentang pola makan sehat dan olahraga yang teratur. Memahami elektrofisiologi jantung adalah kunci untuk mengatasi masalah aritmia jantung yang sering kali memerlukan perawatan jangka panjang. Selain itu, saya juga telah berpartisipasi dalam penelitian kardiologi untuk mengembangkan terapi yang lebih canggih dan efektif dalam mengatasi penyakit jantung."
    },
    {
      "nama": "Dr. Patricia Young",
      "spesialis": "Kardiologi",
      "rating": 4.7,
      "img": "https://i.pinimg.com/736x/6c/b9/ed/6cb9ed4c27f7ebe4f5467362fbada110.jpg",
      "detail" : "Dokter ini sudah menjelajahi dunia kesehatan di angkasa terluar dan terdalam"
    },
    {
      "nama": "Dr. Mark Turner",
      "spesialis": "Kardiologi",
      "rating": 4.6,
      "img": "https://i.pinimg.com/736x/6c/b9/ed/6cb9ed4c27f7ebe4f5467362fbada110.jpg",
      "detail" : "Dokter ini sudah menjelajahi dunia kesehatan di angkasa terluar dan terdalam"
    },
    {
      "nama": "Dr. Karen Moore",
      "spesialis": "Kardiologi",
      "rating": 4.8,
      "img": "https://i.pinimg.com/736x/6c/b9/ed/6cb9ed4c27f7ebe4f5467362fbada110.jpg",
      "detail" : "Dokter ini sudah menjelajahi dunia kesehatan di angkasa terluar dan terdalam"
    },
    {
      "nama": "Dr. Daniel Johnson",
      "spesialis": "Kardiologi",
      "rating": 4.9,
      "img": "https://i.pinimg.com/736x/6c/b9/ed/6cb9ed4c27f7ebe4f5467362fbada110.jpg",
      "detail" : "Dokter ini sudah menjelajahi dunia kesehatan di angkasa terluar dan terdalam"
    },
    {
      "nama": "Dr. Jessica Brown",
      "spesialis": "Kardiologi",
      "rating": 4.7,
      "img": "https://i.pinimg.com/736x/6c/b9/ed/6cb9ed4c27f7ebe4f5467362fbada110.jpg",
      "detail" : "Dokter ini sudah menjelajahi dunia kesehatan di angkasa terluar dan terdalam"
    },
    {
      "nama": "Dr. Thomas Hall",
      "spesialis": "Kardiologi",
      "rating": 4.6,
      "img": "https://i.pinimg.com/736x/6c/b9/ed/6cb9ed4c27f7ebe4f5467362fbada110.jpg",
      "detail" : "Dokter ini sudah menjelajahi dunia kesehatan di angkasa terluar dan terdalam"
    },
    {
      "nama": "Dr. Nancy Davis",
      "spesialis": "Kardiologi",
      "rating": 4.8,
      "img": "https://i.pinimg.com/736x/6c/b9/ed/6cb9ed4c27f7ebe4f5467362fbada110.jpg",
      "detail" : "Dokter ini sudah menjelajahi dunia kesehatan di angkasa terluar dan terdalam"
    },
    {
      "nama": "Dr. Christopher Lee",
      "spesialis": "Kardiologi",
      "rating": 4.5,
      "img": "https://i.pinimg.com/736x/6c/b9/ed/6cb9ed4c27f7ebe4f5467362fbada110.jpg",
      "detail" : "Dokter ini sudah menjelajahi dunia kesehatan di angkasa terluar dan terdalam"
    },
    {
      "nama": "Dr. Elizabeth Wilson",
      "spesialis": "Kardiologi",
      "rating": 4.9,
      "img": "https://i.pinimg.com/736x/6c/b9/ed/6cb9ed4c27f7ebe4f5467362fbada110.jpg",
      "detail" : "Dokter ini sudah menjelajahi dunia kesehatan di angkasa terluar dan terdalam"
    },
    {
      "nama": "Dr. Joseph Smith",
      "spesialis": "Kardiologi",
      "rating": 4.7,
      "img": "https://i.pinimg.com/736x/6c/b9/ed/6cb9ed4c27f7ebe4f5467362fbada110.jpg",
      "detail" : "Dokter ini sudah menjelajahi dunia kesehatan di angkasa terluar dan terdalam"
    },
    {
      "nama": "Dr. Margaret Taylor",
      "spesialis": "Kardiologi",
      "rating": 4.6,
      "img": "https://i.pinimg.com/736x/6c/b9/ed/6cb9ed4c27f7ebe4f5467362fbada110.jpg",
      "detail" : "Dokter ini sudah menjelajahi dunia kesehatan di angkasa terluar dan terdalam"
    },
    {
      "nama": "Dr. David Martinez",
      "spesialis": "Kardiologi",
      "rating": 4.8,
      "img": "https://i.pinimg.com/736x/6c/b9/ed/6cb9ed4c27f7ebe4f5467362fbada110.jpg",
      "detail" : "Dokter ini sudah menjelajahi dunia kesehatan di angkasa terluar dan terdalam"
    },
    {
      "nama": "Dr. Linda White",
      "spesialis": "Kardiologi",
      "rating": 4.5,
      "img": "https://i.pinimg.com/736x/6c/b9/ed/6cb9ed4c27f7ebe4f5467362fbada110.jpg",
      "detail" : "Dokter ini sudah menjelajahi dunia kesehatan di angkasa terluar dan terdalam"
    },
    {
      "nama": "Dr. Robert Anderson",
      "spesialis": "Kardiologi",
      "rating": 4.9,
      "img": "https://i.pinimg.com/736x/6c/b9/ed/6cb9ed4c27f7ebe4f5467362fbada110.jpg",
      "detail" : "Dokter ini sudah menjelajahi dunia kesehatan di angkasa terluar dan terdalam"
    },
    {
      "nama": "Dr. Susan Johnson",
      "spesialis": "Kardiologi",
      "rating": 4.7,
      "img": "https://i.pinimg.com/736x/6c/b9/ed/6cb9ed4c27f7ebe4f5467362fbada110.jpg",
      "detail" : "Dokter ini sudah menjelajahi dunia kesehatan di angkasa terluar dan terdalam"
    },
    {
      "nama": "Dr. William Davis",
      "spesialis": "Kardiologi",
      "rating": 4.6,
      "img": "https://i.pinimg.com/736x/6c/b9/ed/6cb9ed4c27f7ebe4f5467362fbada110.jpg",
      "detail" : "Dokter ini sudah menjelajahi dunia kesehatan di angkasa terluar dan terdalam"
    },
    {
      "nama": "Dr. Elizabeth Harris",
      "spesialis": "Kardiologi",
      "rating": 4.8,
      "img": "https://i.pinimg.com/736x/6c/b9/ed/6cb9ed4c27f7ebe4f5467362fbada110.jpg",
      "detail" : "Dokter ini sudah menjelajahi dunia kesehatan di angkasa terluar dan terdalam"
    },
    {
      "nama": "Dr. Michael Turner",
      "spesialis": "Kardiologi",
      "rating": 4.9,
      "img": "https://i.pinimg.com/736x/6c/b9/ed/6cb9ed4c27f7ebe4f5467362fbada110.jpg",
      "detail" : "Dokter ini sudah menjelajahi dunia kesehatan di angkasa terluar dan terdalam"
    },
    {
      "nama": "Dr. Jessica Moore",
      "spesialis": "Kardiologi",
      "rating": 4.7,
      "img": "https://i.pinimg.com/736x/6c/b9/ed/6cb9ed4c27f7ebe4f5467362fbada110.jpg",
      "detail" : "Dokter ini sudah menjelajahi dunia kesehatan di angkasa terluar dan terdalam"
    },
    {
      "nama": "Dr. Thomas Lewis",
      "spesialis": "Kardiologi",
      "rating": 4.6,
      "img": "https://i.pinimg.com/736x/6c/b9/ed/6cb9ed4c27f7ebe4f5467362fbada110.jpg",
      "detail" : "Dokter ini sudah menjelajahi dunia kesehatan di angkasa terluar dan terdalam"
    },
    {
      "nama": "Dr. Karen Young",
      "spesialis": "Kardiologi",
      "rating": 4.8,
      "img": "https://i.pinimg.com/736x/6c/b9/ed/6cb9ed4c27f7ebe4f5467362fbada110.jpg",
      "detail" : "Dokter ini sudah menjelajahi dunia kesehatan di angkasa terluar dan terdalam"
    },
    {
      "nama": "Dr. Christopher Hall",
      "spesialis": "Kardiologi",
      "rating": 4.5,
      "img": "https://i.pinimg.com/736x/6c/b9/ed/6cb9ed4c27f7ebe4f5467362fbada110.jpg",
      "detail" : "Dokter ini sudah menjelajahi dunia kesehatan di angkasa terluar dan terdalam"
    },
    {
      "nama": "Dr. Joseph Turner",
      "spesialis": "Kardiologi",
      "rating": 4.9,
      "img": "https://i.pinimg.com/736x/6c/b9/ed/6cb9ed4c27f7ebe4f5467362fbada110.jpg",
      "detail" : "Dokter ini sudah menjelajahi dunia kesehatan di angkasa terluar dan terdalam"
    },
    {
      "nama": "Dr. Margaret Davis",
      "spesialis": "Kardiologi",
      "rating": 4.7,
      "img": "https://i.pinimg.com/736x/6c/b9/ed/6cb9ed4c27f7ebe4f5467362fbada110.jpg",
      "detail" : "Dokter ini sudah menjelajahi dunia kesehatan di angkasa terluar dan terdalam"
    },
    {
      "nama": "Dr. David Clark",
      "spesialis": "Kardiologi",
      "rating": 4.6,
      "img": "https://i.pinimg.com/736x/6c/b9/ed/6cb9ed4c27f7ebe4f5467362fbada110.jpg",
      "detail" : "Dokter ini sudah menjelajahi dunia kesehatan di angkasa terluar dan terdalam"
    },
    {
      "nama": "Dr. Jennifer Martinez",
      "spesialis": "Kardiologi",
      "rating": 4.8,
      "img": "https://i.pinimg.com/736x/6c/b9/ed/6cb9ed4c27f7ebe4f5467362fbada110.jpg",
      "detail" : "Dokter ini sudah menjelajahi dunia kesehatan di angkasa terluar dan terdalam"
    },
    {
      "nama": "Dr. Richard White",
      "spesialis": "Kardiologi",
      "rating": 4.5,
      "img": "https://i.pinimg.com/736x/6c/b9/ed/6cb9ed4c27f7ebe4f5467362fbada110.jpg",
      "detail" : "Dokter ini sudah menjelajahi dunia kesehatan di angkasa terluar dan terdalam"
    },
    {
      "nama": "Dr. Maria Anderson",
      "spesialis": "Kardiologi",
      "rating": 4.9,
      "img": "https://i.pinimg.com/736x/6c/b9/ed/6cb9ed4c27f7ebe4f5467362fbada110.jpg",
      "detail" : "Dokter ini sudah menjelajahi dunia kesehatan di angkasa terluar dan terdalam"
    },
    {
      "nama": "Dr. Charles Smith",
      "spesialis": "Kardiologi",
      "rating": 4.7,
      "img": "https://i.pinimg.com/736x/6c/b9/ed/6cb9ed4c27f7ebe4f5467362fbada110.jpg",
      "detail" : "Dokter ini sudah menjelajahi dunia kesehatan di angkasa terluar dan terdalam"
    },
    {
      "nama": "Dr. Emily Turner",
      "spesialis": "Kardiologi",
      "rating": 4.6,
      "img": "https://i.pinimg.com/736x/6c/b9/ed/6cb9ed4c27f7ebe4f5467362fbada110.jpg",
      "detail" : "Dokter ini sudah menjelajahi dunia kesehatan di angkasa terluar dan terdalam"
    }
  ]
  